<?xml version='1.0' encoding='UTF-8'?>
<system creation-date="2022-10-26 15:53:55" desc="6700-132308" enable="False" id="c1119631-d516-4e34-a2fd-2dc545e19e7d" last-modified-date="" name="6700-132308"><applications><application name="RobotWare" version="6.14.0139"><settings><setting-file path="/hd0a/6700-132308/INTERNAL/controller.rsf" /><system-xml path="/hd0a/6700-132308/system.xml" /><key-id path="/hd0a/6700-132308/INTERNAL/key.id" /></settings></application><application name="TrackMotion" version="6.14.0139"><settings><setting-file path="/hd0a/6700-132308/INTERNAL/controller.rsf" /><system-xml path="/hd0a/6700-132308/system.xml" /><key-id path="/hd0a/6700-132308/INTERNAL/key.id" /></settings></application></applications></system>